#
# More information at
#  https://wiki.ceph.com/Community/Ceph_contributors_list_maintenance_guide
#
# See .mailmap for name and mail normalization.
# See .peoplemap for unique list of people
#
# To display the 10 organization who contributed 
# most commits to ceph ( requires git >= 1.8.4 ):
#
# git log --pretty='%aN <%aE>' | \
#   git -c mailmap.file=.organizationmap check-mailmap --stdin | \
#   sort | uniq -c | sort -rn | nl | head -10
#
#     1	  26834 Inktank <contact@inktank.com>
#     2	   1585 DreamHost <contact@dreamhost.com>
#     3	    845 SUSE <contact@suse.com>
#     4	    354 Cloudwatt <libre.licensing@cloudwatt.com>
#     5	    306 Intel <contact@intel.com>
#     6	    170 University of California, Santa Cruz <contact@cs.ucsc.edu>
#     7	     54 Wido 42on <contact@42on.com>
#     8	     29 Debian GNU/Linux <contact@debian.org>
#     9	     27 TCloud Computing <contact@tcloudcomputing.com>
#    10	     22 GNU <contact@gnu.org>
#
Acaleph <contact@acale.ph> Alistair Israel <aisrael@gmail.com>
Alcatel Lucent <contact@alcatel-lucent.com> Joseph McDonald <joseph.mcdonald@alcatel-lucent.com>
Aliyun <contact@aliyun.com> Jeffrey Lu <lzhng2000@aliyun.com>
Anchor Hosting <contact@anchor.com.au> Christian Marie <pingu@anchor.net.au>
Anchor Hosting <contact@anchor.com.au> Sharif Olorin <sio@tesser.org>
ArtiBit <contact@artibit.com> Rutger ter Borg <rutger@terborg.net>
Bayan <contact@bayan.co.ir> Mohammad Salehe <salehe+dev@gmail.com>
BCI <contact@bci.co.mz> Marco Garcês <marco.garces@bci.co.mz>
Beezim <contact@beezim.fr>  Florent Manens <florent@beezim.fr>
Bigpoint.com <contact@bigpoint.net> Moritz Möller <mm@mxs.de>
Canonical <contact@canonical.com> Billy Olsen <billy.olsen@canonical.com>
Canonical <contact@canonical.com> Chris Glass <tribaal@gmail.com>
Canonical <contact@canonical.com> James Page <james.page@ubuntu.com>
Canonical <contact@canonical.com> Jonathan Davies <jonathan.davies@canonical.com>
Carnegie Mellon University <contact@cmu.edu> Jan Harkes <jaharkes@cs.cmu.edu>
Catalyst <enquiries@catalyst.net.nz> Andrew Bartlett <abartlet@catalyst.net.nz>
CCM Benchmark <contact@ccmbenchmark.com> Laurent Barbe <laurent@ksperis.com>
Cdiscount <contact@cdiscount.com> Rémi Buisson <remi.buisson@cdiscount.com>
CERN <contact@cern.ch> Andreas Peters <andreas.joachim.peters@cern.ch>
CERN <contact@cern.ch> Dan van der Ster <daniel.vanderster@cern.ch>
CERN <contact@cern.ch> Hervé Rousseau <hroussea@cern.ch>
CERN <contact@cern.ch> Joaquim Rocha <joaquim.rocha@cern.ch>
CERN <contact@cern.ch> Sebastien Ponce <sebastien.ponce@cern.ch>
Choopa, LLC <contact@choopa.com> Adam Twardowski <adam.twardowski@gmail.com>
CISCO <contact@cisco.com> Johnu George <johnugeo@cisco.com>
CISCO <contact@cisco.com> Kai Zhang <zakir.exe@gmail.com>
Cloudwatt <libre.licensing@cloudwatt.com> Christophe Courtaut <christophe.courtaut@gmail.com>
Cloudwatt <libre.licensing@cloudwatt.com> Florent Flament <florent.flament@cloudwatt.com>
Cloudwatt <libre.licensing@cloudwatt.com> Loic Dachary <loic@dachary.org>
Cloudwatt <libre.licensing@cloudwatt.com> Sahid Orentino Ferdjaoui <sahid.ferdjaoui@cloudwatt.com>
CohortFS, LLC <contact@cohortfs.com> Casey Bodley <casey@cohortfs.com>
CohortFS, LLC <contact@cohortfs.com> Matt Benjamin <matt@cohortfs.com>
Commerce Guys <contact@commerceguys.com> Nikola Kotur <kotnick@gmail.com>
Corvisa LLC <contact@corvisa.com> Walter Huf <hufman@gmail.com>
Credit Mutuel Arkea <contact@arkea.com> Eric Mourgaya <eric.mourgaya@arkea.com>
Day By Day <contact@daybyday.nl> Gerben Meijer <gerben@daybyday.nl>
Debian GNU/Linux <contact@debian.org> Bastian Blank <waldi@debian.org>
Debian GNU/Linux <contact@debian.org> Dmitry Smirnov <onlyjob@member.fsf.org>
Debian GNU/Linux <contact@debian.org> Laszlo Boszormenyi <gcs@debian.hu>
Debian GNU/Linux <contact@debian.org> Thorsten Glaser <tg@mirbsd.de>
Deutsche Telekom <contact@telekom.de> Daniel Gollub <d.gollub@telekom.de>
Deutsche Telekom <contact@telekom.de> Danny Al-Gaaf <danny.al-gaaf@bisect.de>
Deutsche Telekom <contact@telekom.de> Thomas Bechtold <t.bechtold@telekom.de>
Digiware <contact@digiware.nl> Willem Jan Withagen <wjw@digiware.nl>
DreamHost <contact@dreamhost.com> Andrew Farmer <andrewf@hq.newdream.net>
DreamHost <contact@dreamhost.com> Colin P. McCabe <colinm@hq.newdream.net>
DreamHost <contact@dreamhost.com> Emily Popper <emily.popper@dreamhost.com>
DreamHost <contact@dreamhost.com> Kyle Bader <kyle.bader@dreamhost.com>
DreamHost <contact@dreamhost.com> Kyle Marsh <kyle.marsh@dreamhost.com>
DreamHost <contact@dreamhost.com> Mark Kampe <mark.kampe@dreamhost.com>
DreamHost <contact@dreamhost.com> Matthew Wodrich <matthew.wodrich@dreamhost.com>
DreamHost <contact@dreamhost.com> Michael Rodriguez <michael@newdream.net>
DreamHost <contact@dreamhost.com> Patience Warnick <patience@cranium.pelton.net>
DreamHost <contact@dreamhost.com> Peter Vinson <peter@hq.newdream.net>
DreamHost <contact@dreamhost.com> Pete V <peter@squid.newdream.net>
DreamHost <contact@dreamhost.com> Robin H. Johnson <robin.johnson@dreamhost.com>
DreamHost <contact@dreamhost.com> Sondra.Menthers <sondra.menthers@dreamhost.com>
DreamHost <contact@dreamhost.com> Wesley Spikes <wesley.spikes@dreamhost.com>
Dtdream <contact@dtdream.com> Li Peng <lip@dtdream.com>
Dtdream <contact@dtdream.com> Wei Qian <weiq@dtdream.com>
Eayun <contact@eayun.com> Dunrong Huang <dunrong.huang@eayun.com>
Ebay <contact@ebay.com> Chengyuan Li <chengyli@ebay.com>
Ebay <contact@ebay.com> Xiaoxi Chen <xiaoxchen@ebay.com>
Ebay <contact@ebay.com> You Ji <youji@ebay.com>
Ebay <contact@ebay.com> Emile Snyder <emsnyder@ebay.com>
École polytechnique fédérale de Lausanne <contact@epfl.ch> Stefan Eilemann <Stefan.Eilemann@epfl.ch>
Endurance International Group <contact@endurance.com> Robert LeBlanc <robert.leblanc@endurance.com>
eNovance <contact@enovance.com> Babu Shanmugam <anbu@enovance.com>
eNovance <contact@enovance.com> Sebastien Han <sebastien.han@enovance.com>
EPAM <contact@epam.com> Andrey Kuznetsov <Andrey_Kuznetsov@epam.com>
Exalead <contact@exalead.com> <roche+git@exalead.com>
Easystack <contact@easystack.cn> Dongsheng Yang <dongsheng.yang@easystack.cn>
Fairbanks <contact@fairbanks.nl> Robert Jansen <r.jansen@fairbanks.nl>
Flipkart <contact@flipkart.com> Abhishek Varshney <abhishek.varshney@flipkart.com>
Free Software Foundation Europe <office@fsfeurope.org> Benoît Knecht <benoit.knecht@fsfe.org>
Fujitsu <contact@fujitsu.com> Edward Yang <eyang@us.fujitsu.com>
Fujitsu <contact@fujitsu.com> Igor Podoski <igor.podoski@ts.fujitsu.com>
Fujitsu <contact@fujitsu.com> Piotr Dałek <piotr.dalek@ts.fujitsu.com>
Fujitsu <contact@fujitsu.com> Shotaro Kawaguchi <kawaguchi.s@jp.fujitsu.com>
Fujitsu <contact@fujitsu.com> Takanori Nakao <nakao.takanori@jp.fujitsu.com>
Fujitsu <contact@fujitsu.com> Takeshi Miyamae <miyamae.takeshi@jp.fujitsu.com>
Gaikai <contact@gaikai.com> David Coles <dcoles@gaikai.com>
GameServers.com <contact@gameservers.com> Brian Rak <dn@devicenull.org>
Gentoo <contact@gentoo.org> Kacper Kowalik <xarthisius@gentoo.org>
Gentoo <contact@gentoo.org> Robin H. Johnson <robbat2@gentoo.org>
GNU <contact@gnu.org> Alexandre Oliva <oliva@gnu.org>
gocept gmbh & co. kg <mail@gocept.com> Christian Theune <ct@gocept.com>
Grimmer <lenz@grimmer.com> Lenz Grimmer <lenz@grimmer.com>
GRNet <contact@grnet.gr> Filippos Giannakos <philipgian@grnet.gr>
GRNet <contact@grnet.gr> Stratos Psomadakis <psomas@grnet.gr>
GRNet <contact@grnet.gr> Vangelis Koukis <vkoukis@cslab.ece.ntua.gr>
H3C <contact@h3c.com> Bingxin Yang <yangbingxin@h3c.com>
H3C <contact@h3c.com> Bin Zheng <zhengbin.08747@h3c.com>
H3C <contact@h3c.com> Bo Cai <cai.bo@h3c.com>
H3C <contact@h3c.com> Ce Gu <guce@h3c.com>
H3C <contact@h3c.com> Cilang Zhao <zhao.cilang@h3c.com>
H3C <contact@h3c.com> Chunyan Ma <ma.chunyan@h3c.com>
H3C <contact@h3c.com> Donghai Xu <xu.donghai@h3c.com>
H3C <contact@h3c.com> Fei Wang <wang.fei@h3c.com>
H3C <contact@h3c.com> Jie Chen <chen.jie@h3c.com>
H3C <contact@h3c.com> Jie Li <li.jieA@h3c.com>
H3C <contact@h3c.com> Kongming Wu <wu.kongming@h3c.com>
H3C <contact@h3c.com> Liu Peiyan <liu.peiyang@h3c.com>
H3C <contact@h3c.com> Lu Shi <shi.lu@h3c.com>
H3C <contact@h3c.com> Mingyue Zhao <zhao.mingyue@h3c.com>
H3C <contact@h3c.com> Ming Zou <zou.ming@h3c.com>
H3C <contact@h3c.com> Na Xie <xie.na@h3c.com>
H3C <contact@h3c.com> Ni Dang <dang.ni@h3c.com>
H3C <contact@h3c.com> Peiyang Liu <liu.peiyang@h3c.com>
H3C <contact@h3c.com> Qiang Guo <guo.qiang@h3c.com>
H3C <contact@h3c.com> Qiankun Zheng <zheng.qiankun@h3c.com>
H3C <contact@h3c.com> Ruifeng Yang <yangruifeng.09209@h3c.com>
H3C <contact@h3c.com> Sangdi Xu <xu.sangdi@h3c.com>
H3C <contact@h3c.com> Shan Li <li.shan@h3c.com>
H3C <contact@h3c.com> Siyuan Zhou <zhou.siyuan@h3c.com>
H3C <contact@h3c.com> Tingting Chi <chitingting@h3c.com>
H3C <contact@h3c.com> Wei Feng <feng.wei@h3c.com>
H3C <contact@h3c.com> Weijun Duan <duanweijun@h3c.com>
H3C <contact@h3c.com> Wenfeng Wang <wang.wenfeng@h3c.com>
H3C <contact@h3c.com> Xiangwei Wu <wuxiangwei@h3c.com>
H3C <contact@h3c.com> Xiaofeng Feng <feng.xiaofeng@h3c.com>
H3C <contact@h3c.com> Xiaowei Chen <chen.xiaowei@h3c.com>
H3C <contact@h3c.com> Xuan Liu <liu.xuan@h3c.com>
H3C <contact@h3c.com> Xudong Cao <cao.xudong@h3c.com>
H3C <contact@h3c.com> Yanbin Wu <Wu.yanbin@h3c.com>
H3C <contact@h3c.com> Yehua Chen <chen.yehua@h3c.com>
H3C <contact@h3c.com> Yongqiang He <he.yongqiang@h3c.com>
H3C <contact@h3c.com> Yue Zhu <zhu.yue@h3c.com>
H3C <contact@h3c.com> Yunhui Chen <chen.yunhui@h3c.com>
H3C <contact@h3c.com> Zengran Zhang <zhangzengran@h3c.com>
H3C <contact@h3c.com> Zeqiang Zhuang <zhuang.zeqiang@h3c.com>
H3C <contact@h3c.com> Zhanyang Chen <Chen.zhanyang@h3c.com>
Hastexo <contact@hastexo.com> Florian Haas <florian@hastexo.com>
HGST <contact@hgst.com> Eric Lee <eric.lee@hgst.com>
HGST <contact@hgst.com> Kevin Dalley <kevin@kelphead.org>
HGST <contact@hgst.com> Lluis Pamies-Juarez <lluis.pamies-juarez@hgst.com>
Hihuron <contact@huron.com> Tao Chang <changtao@hihuron.com>
Hostplex Hosting <contact@hostplex.net> Andras Elso <elso.andras@gmail.com>
HP <contact@hp.com> Blaine Gardner <blaine.gardner@hp.com>
HP <contact@hp.com> Joe Handzik <joseph.t.handzik@hp.com>
Huazhong University of Science and Technology <contact@hust.edu.cn> runsisi <runsisi@hust.edu.cn>
ICT <contact@ict.ac.cn> Zhang Huan <zhanghuan@ict.ac.cn>
Igalia <contact@igalia.com> Javier M. Mellid <jmunhoz@igalia.com>
Igalia <contact@igalia.com> Juan A. Suarez Romero <jasuarez@igalia.com>
Imagination Technologies Ltd. <contact@imgtec.com> Alistair Strachan <alistair.strachan@imgtec.com>
iNic <contact@inic.no> Bjørnar Ness <bjornar.ness@gmail.com>
Inktank <contact@inktank.com> Alexandre Marangone <alexandre.marangone@inktank.com>
Inktank <contact@inktank.com> Alex Elder <elder@inktank.com>
Inktank <contact@inktank.com> Alfredo Deza <alfredo.deza@inktank.com>
Inktank <contact@inktank.com> Caleb Miles <caleb.miles@inktank.com>
Inktank <contact@inktank.com> Dan Mick <dan.mick@inktank.com>
Inktank <contact@inktank.com> David Zafman <david.zafman@inktank.com>
Inktank <contact@inktank.com> Eleanor Cawthon <eleanor.cawthon@inktank.com>
Inktank <contact@inktank.com> Gary Lowell <gary.lowell@inktank.com>
Inktank <contact@inktank.com> Greg Farnum <greg@inktank.com>
Inktank <contact@inktank.com> Ilya Dryomov <ilya.dryomov@inktank.com>
Inktank <contact@inktank.com> Jenkins <jenkins@inktank.com>
Inktank <contact@inktank.com> João Eduardo Luís <joao.luis@inktank.com>
Inktank <contact@inktank.com> Joe Buck <joe.buck@inktank.com>
Inktank <contact@inktank.com> John Spray <john.spray@inktank.com>
Inktank <contact@inktank.com> John Wilkins <john.wilkins@inktank.com>
Inktank <contact@inktank.com> Josh Durgin <josh.durgin@inktank.com>
Inktank <contact@inktank.com> Ken Dreyer <ken.dreyer@inktank.com>
Inktank <contact@inktank.com> Mark Nelson <mark.nelson@inktank.com>
Inktank <contact@inktank.com> Mike Ryan <mike.ryan@inktank.com>
Inktank <contact@inktank.com> Neil Levine <neil.levine@inktank.com>
Inktank <contact@inktank.com> Noah Watkins <noah.watkins@inktank.com>
Inktank <contact@inktank.com> Patrick McGarry <patrick@inktank.com>
Inktank <contact@inktank.com> Peter Reiher <reiher@inktank.com>
Inktank <contact@inktank.com> Ross Turk <ross.turk@inktank.com>
Inktank <contact@inktank.com> Sage Weil <sage@inktank.com>
Inktank <contact@inktank.com> Sam Lang <sam.lang@inktank.com>
Inktank <contact@inktank.com> Samuel Just <sam.just@inktank.com>
Inktank <contact@inktank.com> Sandon Van Ness <sandon@inktank.com>
Inktank <contact@inktank.com> Tamil Muthamizhan <tamil.muthamizhan@inktank.com>
Inktank <contact@inktank.com> Tommi Virtanen <tv@inktank.com>
Inktank <contact@inktank.com> Tyler Brekke <tyler.brekke@inktank.com>
Inktank <contact@inktank.com> Warren Usui <warren.usui@inktank.com>
Inktank <contact@inktank.com> Yehuda Sadeh <yehuda@inktank.com>
Inktank <contact@inktank.com> Yuri Weinstein <yuri.weinstein@inktank.com>
Intel <contact@intel.com> Chendi Xue <chendi.xue@intel.com>
Intel <contact@intel.com> Jacek J. Łakis <jacek.lakis@intel.com>
Intel <contact@intel.com> Jingkai Yuan <jingkai.yuan@intel.com>
Intel <contact@intel.com> Krzysztof Kosiński <krzysztof.kosinski@intel.com>
Intel <contact@intel.com> Ma Jianpeng <jianpeng.ma@intel.com>
Intel <contact@intel.com> Shu, Xinxin <xinxin.shu@intel.com>
Intel <contact@intel.com> Wang, Yaguang <yaguang.wang@intel.com>
Intel <contact@intel.com> Xiaoxi Chen <xiaoxi.chen@intel.com>
Intel <contact@intel.com> Yan, Zheng <zheng.z.yan@intel.com>
Intel <contact@intel.com> Yuan Zhou <yuan.zhou@intel.com>
Intel <contact@intel.com> Zhiqiang Wang <zhiqiang.wang@intel.com>
IO <contact@io.com> Joe Julian <jjulian@io.com>
Iron Systems Inc. <info@ironsystems.com> Harpreet Dhillon <harpreet@ironsystems.com>
IT Refined <contact@itrefined.com> Ron Allred <rallred@itrefined.com>
IWeb <contact@iweb.com> David Moreau Simard <dmsimard@iweb.com>
Johannes Gutenberg-Universität Mainz <contact@uni-mainz.de> Marcel Lauhoff <lauhoff@uni-mainz.de>
Karlsruhe Institute of Technology <ceph@lists.kit.edu> Daniel J. Hofmann <daniel@trvx.org>
Keeper Technology <contact@keepertech.com> Wyllys Ingersoll <wyllys.ingersoll@keepertech.com>
Kylin Cloud <contact@kylin-cloud.com> Jie Wang <jie.wang@kylin-cloud.com>
Kylin Cloud <contact@kylin-cloud.com> Li Wang <li.wang@kylin-cloud.com>
Kylin Cloud <contact@kylin-cloud.com> MingXin Liu <mingxin.liu@kylin-cloud.com>
Kylin Cloud <contact@kylin-cloud.com> Yunchuan Wen <yunchuan.wen@kylin-cloud.com>
Lebanon Evangelical School <contact@lesbg.com> Jonathan Dieter <jdieter@lesbg.com>
LETV <contact@letv.com> Dongmao Zhang <deanraccoon@gmail.com>
LETV <contact@letv.com> Ji Chen <insomnia@139.com>
LETV <contact@letv.com> Wu Xingyi <wuxingyi@letv.com>
Linaro <contact@linaro.org> Steve Capper <steve.capper@linaro.org>
Linaro <contact@linaro.org> Yazen Ghannam <yazen.ghannam@linaro.org>
Los Alamos National Laboratory <contact@lanl.gov> Esteban Molina-Estolano <eestolan@lanl.gov>
Locator Technologies <contact@locatortechnologies.com> Kris Jurka <kjurka@locatortechnologies.com>
Mellanox <contact@mellanox.com> Avner BenHanoch <avnerb@mellanox.com>
Mellanox <contact@mellanox.com> Vu Pham <vu@mellanox.com>
Mellanox <contact@mellanox.com> Roi Dayan <roid@mellanox.com>
Mevoco <contact@mevoco.com> Star Guo <star.guo@mevoco.com>
Mirantis <contact@mirantis.com> Adam Kupczyk <akupczyk@mirantis.com>
Mirantis <contact@mirantis.com> Alexey Sheplyakov <asheplyakov@mirantis.com>
Mirantis <contact@mirantis.com> Andrew Woodward <awoodward@mirantis.com>
Mirantis <contact@mirantis.com> Dmitry Yatsushkevich <dyatsushkevich@mirantis.com>
Mirantis <contact@mirantis.com> Dmytro Iurchenko <diurchenko@mirantis.com>
Mirantis <contact@mirantis.com> Igor Fedotov <ifedotov@mirantis.com>
Mirantis <contact@mirantis.com> Kiseleva Alyona <akiselyova@mirantis.com>
Mirantis <contact@mirantis.com> Mykola Golub <mgolub@mirantis.com>
Mirantis <contact@mirantis.com> Radoslaw Zarzynski <rzarzynski@mirantis.com>
MIT Computer Science and Artificial Intelligence Laboratory <webmaster@csail.mit.edu> Stephen Jahl <stephenjahl@gmail.com>
MSys Technologies <contact@msystechnologies.com> Rajesh Nambiar <rajesh.n@msystechnologies.com>
Nebula <info@nebula.com> Anton Aksola <anton.aksola@nebula.fi>
Nebula <info@nebula.com> Chris Holcombe <chris.holcombe@nebula.com>
Ocado <contact@ocado.com> Luis Periquito <luis.periquito@ocado.com>
Opower <contact@opower.com> Derrick Schneider <derrick.schneider@opower.com>
Pacific Northwest National Laboratory <contact@pnl.gov> Brown, David M JR <david.brown@pnl.gov>
Pacific Northwest National Laboratory <contact@pnl.gov> Erwin, Brock A <Brock.Erwin@pnl.gov>
Pacific Northwest National Laboratory <contact@pnl.gov> Evan Felix <evan.felix@pnnl.gov>
Pacific Northwest National Laboratory <contact@pnl.gov> Scott Devoid <devoid@anl.gov>
Piston Cloud Computing <info@pistoncloud.com> Mike Lundy <mike@fluffypenguin.org>
Pogoapp <contact@pogoapp.com> Paul Meserve <paul@pogodan.com>
Purdue University <contact@purdue.edu> Mike Shuey <shuey@purdue.edu>
Red Hat <contact@redhat.com> Adam C. Emerson <aemerson@redhat.com>
Red Hat <contact@redhat.com> Alexander Chuzhoy <achuzhoy@redhat.com>
Red Hat <contact@redhat.com> Alexandre Marangone <amarango@redhat.com>
Red Hat <contact@redhat.com> Alex Elder <aelder@redhat.com>
Red Hat <contact@redhat.com> Alfredo Deza <adeza@redhat.com>
Red Hat <contact@redhat.com> Ali Maredia <amaredia@redhat.com>
Red Hat <contact@redhat.com> Barbora Ančincová <bara@redhat.com>
Red Hat <contact@redhat.com> Boris Ranto <branto@redhat.com>
Red Hat <contact@redhat.com> Brad Hubbard <bhubbard@redhat.com>
Red Hat <contact@redhat.com> Brian Andrus <bandrus@redhat.com>
Red Hat <contact@redhat.com> Casey Bodley <cbodley@redhat.com>
Red Hat <contact@redhat.com> Daniel Gryniewicz <dang@redhat.com>
Red Hat <contact@redhat.com> Dan Mick <dmick@redhat.com>
Red Hat <contact@redhat.com> David Zafman <dzafman@redhat.com>
Red Hat <contact@redhat.com> Douglas Fuller <dfuller@redhat.com>
Red Hat <contact@redhat.com> Erwan Velu <erwan@redhat.com>
Red Hat <contact@redhat.com> Federico Simoncelli <fsimonce@redhat.com>
Red Hat <contact@redhat.com> Ira Cooper <ira@redhat.com>
Red Hat <contact@redhat.com> Gary Lowell <glowell@redhat.com>
Red Hat <contact@redhat.com> Greg Farnum <gfarnum@redhat.com>
Red Hat <contact@redhat.com> Gregory Meno <gmeno@redhat.com>
Red Hat <contact@redhat.com> Haïkel Guémar <hguemar@redhat.com>
Red Hat <contact@redhat.com> Huamin Chen <hchen@redhat.com>
Red Hat <contact@redhat.com> Ilya Dryomov <idryomov@redhat.com>
Red Hat <contact@redhat.com> Ira Cooper <ira@samba.org>
Red Hat <contact@redhat.com> Jason Dillaman <dillaman@redhat.com>
Red Hat <contact@redhat.com> Jean-Charles Lopez <jelopez@redhat.com>
Red Hat <contact@redhat.com> Jenkins <jenkins@ceph.com>
Red Hat <contact@redhat.com> João Eduardo Luís <joao@redhat.com>
Red Hat <contact@redhat.com> John Spray <jspray@redhat.com>
Red Hat <contact@redhat.com> John Wilkins <jwilkins@redhat.com>
Red Hat <contact@redhat.com> Josh Durgin <jdurgin@redhat.com>
Red Hat <contact@redhat.com> JuanJose 'JJ' Galvez <jgalvez@redhat.com>
Red Hat <contact@redhat.com> Kefu Chai <kchai@redhat.com>
Red Hat <contact@redhat.com> Ken Dreyer <kdreyer@redhat.com>
Red Hat <contact@redhat.com> Loic Dachary <ldachary@redhat.com>
Red Hat <contact@redhat.com> Loic Dachary <loic-201408@dachary.org>
Red Hat <contact@redhat.com> Luis Pabón <lpabon@redhat.com>
Red Hat <contact@redhat.com> Marcus Watts <mwatts@redhat.com>
Red Hat <contact@redhat.com> Mark Nelson <mnelson@redhat.com>
Red Hat <contact@redhat.com> Matt Benjamin <mbenjamin@redhat.com>
Red Hat <contact@redhat.com> Milan Broz <mbroz@redhat.com>
Red Hat <contact@redhat.com> Mehdi Abaakouk <sileht@redhat.com>
Red Hat <contact@redhat.com> Neil Levine <nlevine@redhat.com>
Red Hat <contact@redhat.com> Nilamdyuti Goswami <ngoswami@redhat.com>
Red Hat <contact@redhat.com> Noah Watkins <nwatkins@redhat.com>
Red Hat <contact@redhat.com> Orit Wasserman <owasserm@redhat.com>
Red Hat <contact@redhat.com> Patrick McGarry <pmcgarry@redhat.com>
Red Hat <contact@redhat.com> Pete Zaitcev <zaitcev@redhat.com>
Red Hat <contact@redhat.com> Petr Machata <pmachata@redhat.com>
Red Hat <contact@redhat.com> Richard W.M. Jones <rjones@redhat.com>
Red Hat <contact@redhat.com> Ross Turk <rturk@redhat.com>
Red Hat <contact@redhat.com> Sage Weil <sweil@redhat.com>
Red Hat <contact@redhat.com> Sahid Orentino Ferdjaoui <sahid.ferdjaoui@redhat.com>
Red Hat <contact@redhat.com> Sam Lang <slang@redhat.com>
Red Hat <contact@redhat.com> Samuel Just <sjust@redhat.com>
Red Hat <contact@redhat.com> Sandon Van Ness <svanness@redhat.com>
Red Hat <contact@redhat.com> Sébastien Han <shan@redhat.com>
Red Hat <contact@redhat.com> Shylesh Kumar <shmohan@redhat.com>
Red Hat <contact@redhat.com> Siddharth Sharma <siddharth@redhat.com>
Red Hat <contact@redhat.com> Sylvain Baubeau <sbaubeau@redhat.com>
Red Hat <contact@redhat.com> Tamil Muthamizhan <tmuthami@redhat.com>
Red Hat <contact@redhat.com> Tom Callaway <spot@redhat.com>
Red Hat <contact@redhat.com> Travis Rhoden <trhoden@redhat.com>
Red Hat <contact@redhat.com> Tyler Brekke <tbrekke@redhat.com>
Red Hat <contact@redhat.com> Vasu Kulkarni <vasu@redhat.com>
Red Hat <contact@redhat.com> Venky Shankar <vshankar@redhat.com>
Red Hat <contact@redhat.com> Vikhyat Umrao <vumrao@redhat.com>
Red Hat <contact@redhat.com> Warren Usui <wusui@redhat.com>
Red Hat <contact@redhat.com> Yan, Zheng <zyan@redhat.com>
Red Hat <contact@redhat.com> Yehuda Sadeh <ysadehwe@redhat.com>
Red Hat <contact@redhat.com> Yuri Weinstein <yuriw@redhat.com>
Red Hat <contact@redhat.com> Zack Cerza <zack@redhat.com>
Reliance Jio Infocomm Ltd. <contact@ril.com> Abhishek Lekshmanan <abhishek.lekshmanan@ril.com>
Reliance Jio Infocomm Ltd. <contact@ril.com> Ashish Chandra <ashish.a.chandra@ril.com>
Reliance Jio Infocomm Ltd. <contact@ril.com> Swami Reddy <swami.reddy@ril.com>
Roald van Loon Consultancy <roald@roaldvanloon.nl> Roald J. van Loon <roald@roaldvanloon.nl>
Ruijie Networks <contact@ruijie.com.cn> Ning Yao <yaoning@ruijie.com.cn>
Sandia National Laboratories <contact@sandia.gov> Jim Schutt <jaschut@sandia.gov>
Samsung <contact@samsung.com> James Liu <james.liu@ssi.samsung.com>
Samsung <contact@samsung.com> Subramanyam Varanasi <s.varanasi@ssi.samsung.com>
SanDisk <contact@sandisk.com> Allen Samuels <allen.samuels@sandisk.com>
SanDisk <contact@sandisk.com> Anand Bhat <anand.bhat@sandisk.com>
SanDisk <contact@sandisk.com> Evgeniy Firsov <evgeniy.firsov@sandisk.com>
SanDisk <contact@sandisk.com> Pavan Rallabhandi <pavan.rallabhandi@sandisk.com>
SanDisk <contact@sandisk.com> Raju Kurunkad <raju.kurunkad@sandisk.com>
SanDisk	<contact@sandisk.com> Shishir Gowda <shishir.gowda@sandisk.com>
SanDisk <contact@sandisk.com> Somnath Roy <somnath.roy@sandisk.com>
SanDisk <contact@sandisk.com> Sushma Gurram <sushma.gurram@sandisk.com>
SanDisk <contact@sandisk.com> Varada Kari <varada.kari@sandisk.com>
SAP <contact@sap.com> Marc Koderer <marc@koderer.com>
Science & Technology Facilities Council <contact@stfc.ac.uk> George Ryall <george.ryall@stfc.ac.uk>
SendFaster <contact@sendfaster.com> Christopher O'Connell <jwriteclub@gmail.com>
Spectra Logic <contact@spectralogic.com> Alan Somers <asomers@gmail.com>
SUSE <contact@suse.com> Abhishek Lekshmanan <abhishek@suse.com>
SUSE <contact@suse.com> Adam Spiers <aspiers@suse.com>
SUSE <contact@suse.com> David Disseldorp <ddiss@suse.de>
SUSE <contact@suse.com> Hannes Reinecke <hare@suse.de>
SUSE <contact@suse.com> Holger Macht <hmacht@suse.de>
SUSE <contact@suse.com> João Eduardo Luís <joao@suse.de>
SUSE <contact@suse.com> Karl Eichwalder <ke@suse.de>
SUSE <contact@suse.com> Karol Mroz <kmroz@suse.com>
SUSE <contact@suse.com> Nathan Cutler <ncutler@suse.com>
SUSE <contact@suse.com> Owen Synge <osynge@suse.com>
SUSE <contact@suse.com> Ricardo Dias <rdias@suse.com>
SUSE <contact@suse.com> Thorsten Behrens <tbehrens@suse.com>
SUSE <contact@suse.com> Tim Serong <tserong@suse.com>
SWITCH <contact@switch.ch> Jens-Christian Fischer <jens-christian.fischer@switch.ch>
SWITCH <contact@switch.ch> Simon Leinen <simon.leinen@switch.ch>
TCloud Computing <contact@tcloudcomputing.com> CC Lien <cc_lien@tcloudcomputing.com>
TCloud Computing <contact@tcloudcomputing.com> Henry C Chang <henry_c_chang@tcloudcomputing.com>
TCloud Computing <contact@tcloudcomputing.com> Herb Shiu <herb_shiu@tcloudcomputing.com>
TCloud Computing <contact@tcloudcomputing.com> Paul Chiang <paul_chiang@tcloudcomputing.com>
Telecom Bretagne <contact@telecom-bretagne.eu> Ahoussi Armand <ahoussi.say@telecom-bretagne.eu>
Telecom Bretagne <contact@telecom-bretagne.eu> Baptiste Veuillez <baptiste.veuillez--mainard@telecom-bretagne.eu>
Telecom Bretagne <contact@telecom-bretagne.eu> Hazem Amara <hazem.amara@telecom-bretagne.eu>
Telecom Bretagne <contact@telecom-bretagne.eu> Thomas Cantin <thomas.cantin@telecom-bretagne.eu>
Tencent <contact@tencent.com> Wei Luo <weilluo@tencent.com>
Tencent <contact@tencent.com> Wenjun Huang <wenjunhuang@tencent.com>
Tencent <contact@tencent.com> Zhi Zhang <willzzhang@tencent.com>
The Linux Box <contact@linuxbox.com> Adam C. Emerson <aemerson@linuxbox.com>
The Linux Box <contact@linuxbox.com> Ali Maredia <ali@linuxbox.com>
The Linux Box <contact@linuxbox.com> Casey Bodley <casey@linuxbox.com>
The Linux Box <contact@linuxbox.com> Matt Benjamin <matt@linuxbox.com>
The University of Arizona <contact@arizona.edu> James Ryan Cresawn <jrcresawn@gmail.com>
Ubuntu Kylin <contact@ubuntukylin.com> Min Chen <minchen@ubuntukylin.com>
UMCloud <contact@umcloud.com> Jiaying Ren <mikulely@gmail.com>
UMCloud <contact@umcloud.com> Rongze Zhu <zrzhit@gmail.com>
Unaffiliated <no@organization.net> Aaron Bassett <abassett@gmail.com>
Unaffiliated <no@organization.net> Abhishek Dixit <dixitabhi@gmail.com>
Unaffiliated <no@organization.net> Accela Zhao <accelazh@gmail.com>
Unaffiliated <no@organization.net> Adam Twardowski <adam.twardowski@gmail.com>
Unaffiliated <no@organization.net> Ailing Zhang <zhangal1992@gmail.com> 
Unaffiliated <no@organization.net> Alan Grosskurth <code@alan.grosskurth.ca>
Unaffiliated <no@organization.net> Alexis Normand <n.al3xis@gmail.com>
Unaffiliated <no@organization.net> Andy Allan <andy@gravitystorm.co.uk>
Unaffiliated <no@organization.net> Anis Ayari <ayari_anis@live.fr>
Unaffiliated <no@organization.net> Anthony Alba <ascanio.alba7@gmail.com>
Unaffiliated <no@organization.net> Armando Segnini <armaseg@gmail.com>
Unaffiliated <no@organization.net> Aron Gunn <ritz_303@yahoo.com>
Unaffiliated <no@organization.net> Arthur Gorjux <arthurgorjux@gmail.com>
Unaffiliated <no@organization.net> BJ Lougee <almightybeeij@gmail.com>
Unaffiliated <no@organization.net> Bosse Klykken <larkly@gmail.com>
Unaffiliated <no@organization.net> Brian Felton <bjfelton@gmail.com>
Unaffiliated <no@organization.net> Burkhard Linke <Burkhard.Linke@computational.bio.uni-giessen.de>
Unaffiliated <no@organization.net> Cheng Cheng <ccheng.leo@gmail.com>
Unaffiliated <no@organization.net> Christos Stavrakakis <stavr.chris@gmail.com>
Unaffiliated <no@organization.net> Claire Massot <claire.massot93@gmail.com>
Unaffiliated <no@organization.net> Clement Lebrun <clement.lebrun.31@gmail.com>
Unaffiliated <no@organization.net> Colin Mattson <colinmattson@gmail.com>
Unaffiliated <no@organization.net> Dan Chai <tengweicai@gmail.com>
Unaffiliated <no@organization.net> Daniel Schepler <dschepler@gmail.com>
Unaffiliated <no@organization.net> Darrell Enns <darrell@darrellenns.com>
Unaffiliated <no@organization.net> David Anderson <dave@natulte.net>
Unaffiliated <no@organization.net> Dennis Schafroth <dennis@schafroth.com>
Unaffiliated <no@organization.net> Ding Dinghua <dingdinghua85@gmail.com>
Unaffiliated <no@organization.net> Dominik Hannen <cantares1+github@gmail.com>
Unaffiliated <no@organization.net> Drunkard Zhang <gongfan193@gmail.com>
Unaffiliated <no@organization.net> Dunrong Huang <riegamaths@gmail.com>
Unaffiliated <no@organization.net> Eric Cook <llua@gmx.com>
Unaffiliated <no@organization.net> Erik Logtenberg <erik@logtenberg.eu>
Unaffiliated <no@organization.net> Fabio Alessandro Locati <fabiolocati@gmail.com>
Unaffiliated <no@organization.net> fangdong <yp.fangdong@gmail.com>
Unaffiliated <no@organization.net> Federico Gimenez <fgimenez@coit.es>
Unaffiliated <no@organization.net> Feng He <fenglife@hotmail.com>
Unaffiliated <no@organization.net> Florent Bautista <florent@coppint.com>
Unaffiliated <no@organization.net> Florian Coste <fcoste21@gmail.com>
Unaffiliated <no@organization.net> Florian Marsylle <florian.marsylle@hotmail.fr>
Unaffiliated <no@organization.net> François Lafont <flafdivers@free.fr>
Unaffiliated <no@organization.net> Frank Yu <flyxiaoyu@gmail.com>
Unaffiliated <no@organization.net> Gabriel Sentucq <perso@kazhord.fr>
Unaffiliated <no@organization.net> Hector Martin <marcan@marcan.st>
Unaffiliated <no@organization.net> Gaël Fenet-Garde <gael.fenet.garde@gmail.com>
Unaffiliated <no@organization.net> Gaurav Kumar Garg <garg.gaurav52@gmail.com>
Unaffiliated <no@organization.net> Germain Chipaux <germain.chipaux@gmail.com>
Unaffiliated <no@organization.net> Gu Zhongyan <guzhongyan@360.cn>
Unaffiliated <no@organization.net> Harry Harrington <git-harry@live.co.uk>
Unaffiliated <no@organization.net> Henry Chang <henry@bigtera.com>
Unaffiliated <no@organization.net> Huang Jun <hjwsm1989@gmail.com>
Unaffiliated <no@organization.net> Ian Kelling <ian@iankelling.org>
Unaffiliated <no@organization.net> Ilya Shipitsin <ilia@localhost.localdomain>
Unaffiliated <no@organization.net> Ilja Slepnev <islepnev@gmail.com>
Unaffiliated <no@organization.net> Ismael Serrano <ismael.serrano@gmail.com>
Unaffiliated <no@organization.net> Ivan Grcic <igrcic@gmail.com>
Unaffiliated <no@organization.net> Janne Grunau <j@jannau.net>
Unaffiliated <no@organization.net> Jashan Kamboj <jashank42@gmail.com>
Unaffiliated <no@organization.net> Javen Wu <javen.wu@xtaotech.com>
Unaffiliated <no@organization.net> Javier Guerra <javier@guerrag.com>
Unaffiliated <no@organization.net> Jean-Rémi Deveaux <jeanremi.deveaux@gmail.com>
Unaffiliated <no@organization.net> Jeff Epstein <jepst79@gmail.com>
Unaffiliated <no@organization.net> Jeff Weber <jweber@cofront.net>
Unaffiliated <no@organization.net> Jeremy Qian <vanpire110@163.com>
Unaffiliated <no@organization.net> Jiang Heng <jiangheng0511@gmail.com>
Unaffiliated <no@organization.net> Jianhui Yuan <zuiwanyuan@gmail.com>
Unaffiliated <no@organization.net> Jiantao He <hejiantao5@gmail.com>
Unaffiliated <no@organization.net> Jian Wen <wenjian@letv.com>
Unaffiliated <no@organization.net> Jianjian Huo <samuel.huo@gmail.com>
Unaffiliated <no@organization.net> Jiaying Ren <mikulely@gmail.com>
Unaffiliated <no@organization.net> John Coyle <dx9err@gmail.com>
Unaffiliated <no@organization.net> Jon Bernard <jbernard@tuxion.com>
Unaffiliated <no@organization.net> Jonas Keidel <jonas@jonas-keidel.de>
Unaffiliated <no@organization.net> Jordan Dorne <jordan.dorne@gmail.com>
Unaffiliated <no@organization.net> JP François <francoisjp@gmail.com>
Unaffiliated <no@organization.net> Kadu Ribeiro <mail+github@carlosribeiro.me>
Unaffiliated <no@organization.net> Karel Striegel <karel.striegel@ipc.be>
Unaffiliated <no@organization.net> Kefu Chai <tchaikov@gmail.com>
Unaffiliated <no@organization.net> Kernel Neophyte <neophyte.hacker001@gmail.com>
Unaffiliated <no@organization.net> Ketor Meng <d.ketor@gmail.com>
Unaffiliated <no@organization.net> Kévin Caradant <kevin.caradant@gmail.com>
Unaffiliated <no@organization.net> Kevin Cox <kevincox@kevincox.ca>
Unaffiliated <no@organization.net> Kevin Jones <k.j.jonez@gmail.com>
Unaffiliated <no@organization.net> Kim Vandry <vandry@TZoNE.ORG>
Unaffiliated <no@organization.net> koleosfuscus <koleosfuscus@yahoo.com>
Unaffiliated <no@organization.net> Laurent Guerby <laurent@guerby.net>
Unaffiliated <no@organization.net> Lee Revell <rlrevell@gmail.com>
Unaffiliated <no@organization.net> Lucas Fantinel <lucas.fantinel@gmail.com>
Unaffiliated <no@organization.net> Matt Richards <mattjrichards@gmail.com>
Unaffiliated <no@organization.net> Mauricio Garavaglia <mauriciogaravaglia@gmail.com>
Unaffiliated <no@organization.net> Maxime Robert <maxime.robert1992@gmail.com>
Unaffiliated <no@organization.net> Mehdi Abaakouk <sileht@sileht.net>
Unaffiliated <no@organization.net> Michael Nelson <mikenel@tnld.net>
Unaffiliated <no@organization.net> Michael Riederer <michael@riederer.org>
Unaffiliated <no@organization.net> Michal Jarzabek <stiopa@gmail.com>
Unaffiliated <no@organization.net> Neha Ummareddy <nehaummareddy@gmail.com>
Unaffiliated <no@organization.net> Nicolas Yong <nicolas.yong93@gmail.com>
Unaffiliated <no@organization.net> Nishtha Rai <nishtha3rai@gmail.com>
Unaffiliated <no@organization.net> (no author) <(no author)@29311d96-e01e-0410-9327-a35deaab8ce9>
Unaffiliated <no@organization.net> oddomatik <bandrus+github@gmail.com>
Unaffiliated <no@organization.net> Patrick Donnelly <batrick@batbytes.com>
Unaffiliated <no@organization.net> Pierre Chaumont <pierre.chaumont31@gmail.com>
Unaffiliated <no@organization.net> Qinghua Jin <qhjin_dev@163.com>
Unaffiliated <no@organization.net> Rachana Patel <rachana83.patel@gmail.com>
Unaffiliated <no@organization.net> Rahul Aggarwal <rahul.1aggarwal@gmail.com>
Unaffiliated <no@organization.net> Robin Dehu <robindehu@gmail.com>
Unaffiliated <no@organization.net> Robin Tang <robintang974@gmail.com>
Unaffiliated <no@organization.net> Rohan Mars <code@rohanmars.com>
Unaffiliated <no@organization.net> Roman Haritonov <reclosedev@gmail.com>
Unaffiliated <no@organization.net> Ruben Kerkhof <ruben@rubenkerkhof.com>
Unaffiliated <no@organization.net> Rust Shen <rustinpeace@163.com>
Unaffiliated <no@organization.net> Sahithi R V <tansy.rv@gmail.com>
Unaffiliated <no@organization.net> Sarthak Munshi <sarthakmunshi@gmail.com>
Unaffiliated <no@organization.net> Sergey Arkhipov <nineseconds@yandex.ru>
Unaffiliated <no@organization.net> Shang Ding <dingshang2013@163.com>
Unaffiliated <no@organization.net> Shanggao Qiu <qiushanggao@qq.com>
Unaffiliated <no@organization.net> Shawn Chen <cxwshawn@gmail.com>
Unaffiliated <no@organization.net> Shawn Edwards <lesser.evil@gmail.com>
Unaffiliated <no@organization.net> Simon Guinot <simon.guinot@sequanux.org>
Unaffiliated <no@organization.net> Stephen F Taylor <steveftaylor@gmail.com>
Unaffiliated <no@organization.net> Steve Stock <steve@technolope.org>
Unaffiliated <no@organization.net> sunspot <sunspot0105@gmail.com>
Unaffiliated <no@organization.net> Thomas Johnson <ntmatter@gmail.com>
Unaffiliated <no@organization.net> Thomas Laumondais <thomas.laumondais@gmail.com>
Unaffiliated <no@organization.net> Tim Freund <tim@freunds.net>
Unaffiliated <no@organization.net> Tobias Suckow <tobias@suckow.biz>
Unaffiliated <no@organization.net> Valentin Arshanes Thomas <valentin.arshanes.thomas@gmail.com>
Unaffiliated <no@organization.net> Vartika Rai <vartikarai17@gmail.com>
Unaffiliated <no@organization.net> Vasu Kulkarni <vasu.kulkarni@gmail.com>
Unaffiliated <no@organization.net> Vicente Cheng <freeze.bilsted@gmail.com>
Unaffiliated <no@organization.net> Viktor Suprun <popsul1993@gmail.com>
Unaffiliated <no@organization.net> Vitja Makarov <vitja.makarov@gmail.com>
Unaffiliated <no@organization.net> Volker Voigt <volker.voigt@1und1.de>
Unaffiliated <no@organization.net> VRan Liu <gliuwr@gmail.com>
Unaffiliated <no@organization.net> Wei Jin <wjin.cn@gmail.com>
Unaffiliated <no@organization.net> William A. Kennington III <william@wkennington.com>
Unaffiliated <no@organization.net> Xan Peng <xanpeng@gmail.com>
Unaffiliated <no@organization.net> Xie Rui <875016668@qq.com>
Unaffiliated <no@organization.net> Xingyi Wu <wuxingyi2015@outlook.com>
Unaffiliated <no@organization.net> Xinze Chi <xmdxcxz@gmail.com>
Unaffiliated <no@organization.net> Xiong Yiliang <xiongyiliang@xunlei.com>
Unaffiliated <no@organization.net> Yann Dupont <yann@objoo.org>
Unaffiliated <no@organization.net> Yannick Atchy Dalama <yannick.atchy.dalama@gmail.com>
Unaffiliated <no@organization.net> YiQiang Chen <cyqsign@163.com>
Unaffiliated <no@organization.net> Yongyue Sun <abioy.sun@gmail.com>
Unaffiliated <no@organization.net> You Ji <jiyou09@gmail.com>
Unaffiliated <no@organization.net> Zhao Junwang <zhjwpku@gmail.com>
Unaffiliated <no@organization.net> Zhe Zhang <zzxuanyuan@gmail.com>
Unaffiliated <no@organization.net> Zhicheng Wei <zhicheng@opensourceforge.net>
Unilogic Networks B.V <contact@unilogicnetworks.net> Pascal de Bruijn <pascal@unilogicnetworks.net> 
UnitedStack <contact@unitedstack.com> Chen Dihao <tobeg3oogle@gmail.com>
UnitedStack <contact@unitedstack.com> Dong Yuan <yuandong1222@gmail.com>
UnitedStack <contact@unitedstack.com> Guangliang Zhao <guangliang@unitedstack.com>
UnitedStack <contact@unitedstack.com> Jevon Qiao <qiaojianfeng@unitedstack.com>
UnitedStack <contact@unitedstack.com> Kun Huang <academicgareth@gmail.com>
UnitedStack <contact@unitedstack.com> Li Tianqing <tianqing@unitedstack.com>
UnitedStack <contact@unitedstack.com> Ning Yao <yaoning@unitedstack.com>
UnitedStack <contact@unitedstack.com> Yankun Li <liyankun@unitedstack.com>
University of California, Santa Cruz <contact@cs.ucsc.edu> Adam Crume <adamcrume@gmail.com>
University of California, Santa Cruz <contact@cs.ucsc.edu> Andrew Leung <aleung@cs.ucsc.edu>
University of California, Santa Cruz <contact@cs.ucsc.edu> Carlos Maltzahn <carlosm@cs.ucsc.edu>
University of California, Santa Cruz <contact@cs.ucsc.edu> Casey Marshall <csm@soe.ucsc.edu>
University of California, Santa Cruz <contact@cs.ucsc.edu> Feng Wang <cyclonew@cs.ucsc.edu>
University of California, Santa Cruz <contact@cs.ucsc.edu> Joe Buck <jbbuck@gmail.com>
University of California, Santa Cruz <contact@cs.ucsc.edu> Noah Watkins <noahwatkins@gmail.com>
University of California, Santa Cruz <contact@cs.ucsc.edu> Riccardo Ferretti <rferrett@soe.ucsc.edu>
University of California, Santa Cruz <contact@cs.ucsc.edu> Scott A. Brandt <scott@cs.ucsc.edu>
University of Maryland <contact@umd.edu> Derek Yarnell <derek@umiacs.umd.edu>
University of Maryland <contact@umd.edu> Liam Monahan <liam@umiacs.umd.edu>
University of Maryland <contact@umd.edu> Padraig O'Sullivan <posulliv@umd.edu>
University of Utah <contact@utah.edu> Xing Lin <xinglin@cs.utah.edu>
VRT <contact@vrt.com.au> Stuart Longland <stuartl@vrt.com.au>
Warpnet B.V. <contact@warpnet.nl> Gerhard Muntingh <gerhard@warpnet.nl>
Web Drive <contact@webdrive.co.nz> Aristoteles Neto <aristoteles.neto@webdrive.co.nz>
Whatever <contact@whatever-company.com> Sylvain Munaut <s.munaut@whatever-company.com>
Wido 42on <contact@42on.com> Wido den Hollander <wido@42on.com>
Wikia <contact@wikia-inc.com> Lukasz Jagiello <lukasz@wikia-inc.com>
X-ION <contact@x-ion.de> Mouad Benchchaoui <m.benchchaoui@x-ion.de>
X-ION <contact@x-ion.de> Stephan Renatus <s.renatus@x-ion.de>
XSky <contact@xsky.com> Haomai Wang <haomai@xsky.com>
XSky <contact@xsky.com> Min Chen <chenmin@xsky.com>
XSky <contact@xsky.com> Tianshan Qu <tianshan@xsky.com>
XSky <contact@xsky.com> Xinze Chi <xinze@xsky.com>
XSky <contact@xsky.com> Zhiqiang Wang <zhiqiang@xsky.com>
Yahoo! <contact@yahoo-inc.com> Guang Yang <yguang@yahoo-inc.com>
Yahoo! <contact@yahoo-inc.com> Haifeng Liu <haifeng@yahoo-inc.com>
Yahoo! <contact@yahoo-inc.com> Lei Dong <leidong@yahoo-inc.com>
Yahoo! <contact@yahoo-inc.com> Ray Lv <xiangyulv@gmail.com>
Yahoo! <contact@yahoo-inc.com> Wei Luo <luowei@yahoo-inc.com>
Yahoo! <contact@yahoo-inc.com> Xihui He <xihuihe@gmail.com>
Yahoo! <contact@yahoo-inc.com> Zhi (David) Zhang <zhangz@yahoo-inc.com>
YouScribe <contact@youscribe.fr> Guilhem Lettron <guilhem@lettron.fr>
ZTE <contact@zte.com.cn> Chuanhong Wang <wang.chuanhong@zte.com.cn>
ZTE <contact@zte.com.cn> Luo Kexue <luo.kexue@zte.com.cn>
ZTE <contact@zte.com.cn> Ren Huanwen <ren.huanwen@zte.com.cn>
ZTE <contact@zte.com.cn> Luo Runbing <runsisi@zte.com.cn>
ZTE <contact@zte.com.cn> Xie Xingguo <xie.xingguo@zte.com.cn>
ZTE <contact@zte.com.cn> Shun Song <song.shun3@zte.com.cn>
ZTE <contact@zte.com.cn> Song Baisen <song.baisen@zte.com.cn>
ZTE <contact@zte.com.cn> Wei Qiaomiao <wei.qiaomiao@zte.com.cn>
ZTE <contact@zte.com.cn> Yan Jun <yan.jun8@zte.com.cn>
#
# Local Variables:
# compile-command: "git log --pretty='%aN <%aE>' | \
#   git -c mailmap.file=.organizationmap check-mailmap --stdin | \
#   sort | uniq -c | sort -rn | nl"
# End:
